timestamp,message
1714073849654,"INIT_START Runtime Version: python:3.12.v25	Runtime Version ARN: arn:aws:lambda:us-east-1::runtime:eb23ce52a7ad2bcf849de9f8cb1e3bae200e62ddb9e03883cc29d7c7a5eade03
"
1714073849787,"START RequestId: c01c7973-36c5-4ca4-90c2-ccc7148e4a52 Version: $LATEST
"
1714073849788,"{'inputMode': 'Text', 'sessionId': '035527339877923', 'inputTranscript': 'order burger', 'interpretations': [{'interpretationSource': 'Lex', 'nluConfidence': 1.0, 'intent': {'name': 'BurgerBee', 'slots': {'BurgerSize': None, 'BurgerFranchise': None, 'BurgerType': None}, 'state': 'InProgress', 'confirmationState': 'None'}}, {'interpretationSource': 'Lex', 'intent': {'name': 'FallbackIntent', 'slots': {}, 'state': 'InProgress', 'confirmationState': 'None'}}], 'bot': {'name': 'Mybot', 'version': 'DRAFT', 'localeId': 'en_US', 'id': 'OC2JM2BVQB', 'aliasId': 'TSTALIASID', 'aliasName': 'TestBotAlias'}, 'responseContentType': 'text/plain; charset=utf-8', 'proposedNextState': {'prompt': {'attempt': 'Initial'}, 'intent': {'name': 'BurgerBee', 'slots': {'BurgerSize': None, 'BurgerFranchise': None, 'BurgerType': None}, 'state': 'InProgress', 'confirmationState': 'None'}, 'dialogAction': {'type': 'ElicitSlot', 'slotToElicit': 'BurgerSize'}}, 'sessionState': {'originatingRequestId': 'b55c73c6-e1a4-4fb4-a2d4-d9da1aaa81d6', 'sessionAttributes': {}, 'intent': {'name': 'BurgerBee', 'slots': {'BurgerSize': None, 'BurgerFranchise': None, 'BurgerType': None}, 'state': 'InProgress', 'confirmationState': 'None'}}, 'transcriptions': [{'resolvedContext': {'intent': 'BurgerBee'}, 'resolvedSlots': {}, 'transcriptionConfidence': 1.0, 'transcription': 'order burger'}], 'messageVersion': '1.0', 'invocationSource': 'DialogCodeHook'}
"
1714073849788,"Validating BurgerSize Slot
"
1714073849788,"{'sessionState': {'dialogAction': {'slotToElicit': 'BurgerSize', 'type': 'ElicitSlot'}, 'intent': {'name': 'BurgerBee', 'slots': {'BurgerSize': None, 'BurgerFranchise': None, 'BurgerType': None}}}}
"
1714073849796,"END RequestId: c01c7973-36c5-4ca4-90c2-ccc7148e4a52
"
1714073849796,"REPORT RequestId: c01c7973-36c5-4ca4-90c2-ccc7148e4a52	Duration: 9.18 ms	Billed Duration: 10 ms	Memory Size: 128 MB	Max Memory Used: 35 MB	Init Duration: 131.87 ms	
"
1714073853001,"START RequestId: 77ab0f8f-a35f-4909-83eb-8efac9399f69 Version: $LATEST
"
1714073853002,"{'inputMode': 'Text', 'sessionId': '035527339877923', 'inputTranscript': 'double', 'interpretations': [{'interpretationSource': 'Lex', 'nluConfidence': 1.0, 'intent': {'name': 'BurgerBee', 'slots': {'BurgerSize': {'shape': 'Scalar', 'value': {'originalValue': 'double', 'resolvedValues': ['Double'], 'interpretedValue': 'double'}}, 'BurgerFranchise': None, 'BurgerType': None}, 'state': 'InProgress', 'confirmationState': 'None'}}, {'interpretationSource': 'Lex', 'intent': {'name': 'FallbackIntent', 'slots': {}, 'state': 'InProgress', 'confirmationState': 'None'}}], 'bot': {'name': 'Mybot', 'version': 'DRAFT', 'localeId': 'en_US', 'id': 'OC2JM2BVQB', 'aliasId': 'TSTALIASID', 'aliasName': 'TestBotAlias'}, 'responseContentType': 'text/plain; charset=utf-8', 'proposedNextState': {'prompt': {'attempt': 'Initial'}, 'intent': {'name': 'BurgerBee', 'slots': {'BurgerSize': {'shape': 'Scalar', 'value': {'originalValue': 'double', 'resolvedValues': ['Double'], 'interpretedValue': 'double'}}, 'BurgerFranchise': None, 'BurgerType': None}, 'state': 'InProgress', 'confirmationState': 'None'}, 'dialogAction': {'type': 'ElicitSlot', 'slotToElicit': 'BurgerFranchise'}}, 'sessionState': {'originatingRequestId': 'b55c73c6-e1a4-4fb4-a2d4-d9da1aaa81d6', 'sessionAttributes': {}, 'activeContexts': [], 'intent': {'name': 'BurgerBee', 'slots': {'BurgerSize': {'shape': 'Scalar', 'value': {'originalValue': 'double', 'resolvedValues': ['Double'], 'interpretedValue': 'double'}}, 'BurgerFranchise': None, 'BurgerType': None}, 'state': 'InProgress', 'confirmationState': 'None'}}, 'transcriptions': [{'resolvedContext': {'intent': 'BurgerBee'}, 'resolvedSlots': {'BurgerSize': {'shape': 'Scalar', 'value': {'originalValue': 'double', 'resolvedValues': ['Double']}}}, 'transcriptionConfidence': 1.0, 'transcription': 'double'}], 'messageVersion': '1.0', 'invocationSource': 'DialogCodeHook'}
"
1714073853002,"Validating BurgerFranchise Slot
"
1714073853002,"{'sessionState': {'dialogAction': {'slotToElicit': 'BurgerFranchise', 'type': 'ElicitSlot'}, 'intent': {'name': 'BurgerBee', 'slots': {'BurgerSize': {'shape': 'Scalar', 'value': {'originalValue': 'double', 'resolvedValues': ['Double'], 'interpretedValue': 'double'}}, 'BurgerFranchise': None, 'BurgerType': None}}}}
"
1714073853003,"END RequestId: 77ab0f8f-a35f-4909-83eb-8efac9399f69
"
1714073853003,"REPORT RequestId: 77ab0f8f-a35f-4909-83eb-8efac9399f69	Duration: 1.88 ms	Billed Duration: 2 ms	Memory Size: 128 MB	Max Memory Used: 35 MB	
"
1714073863285,"START RequestId: abc62fc2-c283-474d-9783-5ae9c63944f2 Version: $LATEST
"
1714073863286,"{'inputMode': 'Text', 'sessionId': '035527339877923', 'inputTranscript': 'burger king', 'interpretations': [{'interpretationSource': 'Lex', 'nluConfidence': 1.0, 'intent': {'name': 'BurgerBee', 'slots': {'BurgerSize': {'shape': 'Scalar', 'value': {'originalValue': 'double', 'resolvedValues': ['Double'], 'interpretedValue': 'double'}}, 'BurgerFranchise': {'shape': 'Scalar', 'value': {'originalValue': 'burger king', 'resolvedValues': ['burger king'], 'interpretedValue': 'burger king'}}, 'BurgerType': None}, 'state': 'InProgress', 'confirmationState': 'None'}}, {'interpretationSource': 'Lex', 'intent': {'name': 'FallbackIntent', 'slots': {}, 'state': 'InProgress', 'confirmationState': 'None'}}], 'bot': {'name': 'Mybot', 'version': 'DRAFT', 'localeId': 'en_US', 'id': 'OC2JM2BVQB', 'aliasId': 'TSTALIASID', 'aliasName': 'TestBotAlias'}, 'responseContentType': 'text/plain; charset=utf-8', 'proposedNextState': {'prompt': {'attempt': 'Initial'}, 'intent': {'name': 'BurgerBee', 'slots': {'BurgerSize': {'shape': 'Scalar', 'value': {'originalValue': 'double', 'resolvedValues': ['Double'], 'interpretedValue': 'double'}}, 'BurgerFranchise': {'shape': 'Scalar', 'value': {'originalValue': 'burger king', 'resolvedValues': ['burger king'], 'interpretedValue': 'burger king'}}, 'BurgerType': None}, 'state': 'InProgress', 'confirmationState': 'None'}, 'dialogAction': {'type': 'ElicitSlot', 'slotToElicit': 'BurgerType'}}, 'sessionState': {'originatingRequestId': 'b55c73c6-e1a4-4fb4-a2d4-d9da1aaa81d6', 'sessionAttributes': {}, 'activeContexts': [], 'intent': {'name': 'BurgerBee', 'slots': {'BurgerSize': {'shape': 'Scalar', 'value': {'originalValue': 'double', 'resolvedValues': ['Double'], 'interpretedValue': 'double'}}, 'BurgerFranchise': {'shape': 'Scalar', 'value': {'originalValue': 'burger king', 'resolvedValues': ['burger king'], 'interpretedValue': 'burger king'}}, 'BurgerType': None}, 'state': 'InProgress', 'confirmationState': 'None'}}, 'transcriptions': [{'resolvedContext': {'intent': 'BurgerBee'}, 'resolvedSlots': {'BurgerFranchise': {'shape': 'Scalar', 'value': {'originalValue': 'burger king', 'resolvedValues': ['burger king']}}}, 'transcriptionConfidence': 1.0, 'transcription': 'burger king'}], 'messageVersion': '1.0', 'invocationSource': 'DialogCodeHook'}
"
1714073863286,"Validating BurgerType Slot
"
1714073863286,"{'sessionState': {'dialogAction': {'slotToElicit': 'BurgerType', 'type': 'ElicitSlot'}, 'intent': {'name': 'BurgerBee', 'slots': {'BurgerSize': {'shape': 'Scalar', 'value': {'originalValue': 'double', 'resolvedValues': ['Double'], 'interpretedValue': 'double'}}, 'BurgerFranchise': {'shape': 'Scalar', 'value': {'originalValue': 'burger king', 'resolvedValues': ['burger king'], 'interpretedValue': 'burger king'}}, 'BurgerType': None}}}}
"
1714073863287,"END RequestId: abc62fc2-c283-474d-9783-5ae9c63944f2
"
1714073863287,"REPORT RequestId: abc62fc2-c283-474d-9783-5ae9c63944f2	Duration: 1.66 ms	Billed Duration: 2 ms	Memory Size: 128 MB	Max Memory Used: 35 MB	
"
1714073868277,"START RequestId: 221d8a86-f9c6-40da-a0aa-1f398c6508d8 Version: $LATEST
"
1714073868278,"{'inputMode': 'Text', 'sessionId': '035527339877923', 'inputTranscript': 'egg', 'interpretations': [{'interpretationSource': 'Lex', 'nluConfidence': 1.0, 'intent': {'name': 'BurgerBee', 'slots': {'BurgerSize': {'shape': 'Scalar', 'value': {'originalValue': 'double', 'resolvedValues': ['Double'], 'interpretedValue': 'double'}}, 'BurgerFranchise': {'shape': 'Scalar', 'value': {'originalValue': 'burger king', 'resolvedValues': ['burger king'], 'interpretedValue': 'burger king'}}, 'BurgerType': {'shape': 'Scalar', 'value': {'originalValue': 'egg', 'resolvedValues': ['egg'], 'interpretedValue': 'egg'}}}, 'state': 'InProgress', 'confirmationState': 'None'}}, {'interpretationSource': 'Lex', 'intent': {'name': 'FallbackIntent', 'slots': {}, 'state': 'InProgress', 'confirmationState': 'None'}}], 'bot': {'name': 'Mybot', 'version': 'DRAFT', 'localeId': 'en_US', 'id': 'OC2JM2BVQB', 'aliasId': 'TSTALIASID', 'aliasName': 'TestBotAlias'}, 'responseContentType': 'text/plain; charset=utf-8', 'sessionState': {'originatingRequestId': 'b55c73c6-e1a4-4fb4-a2d4-d9da1aaa81d6', 'sessionAttributes': {}, 'activeContexts': [], 'intent': {'name': 'BurgerBee', 'slots': {'BurgerSize': {'shape': 'Scalar', 'value': {'originalValue': 'double', 'resolvedValues': ['Double'], 'interpretedValue': 'double'}}, 'BurgerFranchise': {'shape': 'Scalar', 'value': {'originalValue': 'burger king', 'resolvedValues': ['burger king'], 'interpretedValue': 'burger king'}}, 'BurgerType': {'shape': 'Scalar', 'value': {'originalValue': 'egg', 'resolvedValues': ['egg'], 'interpretedValue': 'egg'}}}, 'state': 'InProgress', 'confirmationState': 'None'}}, 'transcriptions': [{'resolvedContext': {'intent': 'BurgerBee'}, 'resolvedSlots': {'BurgerType': {'shape': 'Scalar', 'value': {'originalValue': 'egg', 'resolvedValues': ['egg']}}}, 'transcriptionConfidence': 1.0, 'transcription': 'egg'}], 'messageVersion': '1.0', 'invocationSource': 'DialogCodeHook'}
"
1714073868278,"Invalid BurgerType for burger king
"
1714073868278,"{'sessionState': {'dialogAction': {'slotToElicit': 'BurgerType', 'type': 'ElicitSlot'}, 'intent': {'name': 'BurgerBee', 'slots': {'BurgerSize': {'shape': 'Scalar', 'value': {'originalValue': 'double', 'resolvedValues': ['Double'], 'interpretedValue': 'double'}}, 'BurgerFranchise': {'shape': 'Scalar', 'value': {'originalValue': 'burger king', 'resolvedValues': ['burger king'], 'interpretedValue': 'burger king'}}, 'BurgerType': {'shape': 'Scalar', 'value': {'originalValue': 'egg', 'resolvedValues': ['egg'], 'interpretedValue': 'egg'}}}}}, 'messages': [{'contentType': 'PlainText', 'content': 'Would you like to add? plain, cheese, bacon.'}]}
"
1714073868279,"END RequestId: 221d8a86-f9c6-40da-a0aa-1f398c6508d8
"
1714073868279,"REPORT RequestId: 221d8a86-f9c6-40da-a0aa-1f398c6508d8	Duration: 1.77 ms	Billed Duration: 2 ms	Memory Size: 128 MB	Max Memory Used: 35 MB	
"
1714073924302,"START RequestId: dfd8bc7e-4a03-4a4f-aec9-c80bbf2c63f6 Version: $LATEST
"
1714073924303,"{'inputMode': 'Text', 'sessionId': '035527339877923', 'inputTranscript': 'bacon', 'interpretations': [{'interpretationSource': 'Lex', 'nluConfidence': 1.0, 'intent': {'name': 'BurgerBee', 'slots': {'BurgerSize': {'shape': 'Scalar', 'value': {'originalValue': 'double', 'resolvedValues': ['Double'], 'interpretedValue': 'double'}}, 'BurgerFranchise': {'shape': 'Scalar', 'value': {'originalValue': 'burger king', 'resolvedValues': ['burger king'], 'interpretedValue': 'burger king'}}, 'BurgerType': {'shape': 'Scalar', 'value': {'originalValue': 'bacon', 'resolvedValues': ['bacon'], 'interpretedValue': 'bacon'}}}, 'state': 'InProgress', 'confirmationState': 'None'}}, {'interpretationSource': 'Lex', 'intent': {'name': 'FallbackIntent', 'slots': {}, 'state': 'InProgress', 'confirmationState': 'None'}}], 'bot': {'name': 'Mybot', 'version': 'DRAFT', 'localeId': 'en_US', 'id': 'OC2JM2BVQB', 'aliasId': 'TSTALIASID', 'aliasName': 'TestBotAlias'}, 'responseContentType': 'text/plain; charset=utf-8', 'sessionState': {'originatingRequestId': 'b55c73c6-e1a4-4fb4-a2d4-d9da1aaa81d6', 'sessionAttributes': {}, 'activeContexts': [], 'intent': {'name': 'BurgerBee', 'slots': {'BurgerSize': {'shape': 'Scalar', 'value': {'originalValue': 'double', 'resolvedValues': ['Double'], 'interpretedValue': 'double'}}, 'BurgerFranchise': {'shape': 'Scalar', 'value': {'originalValue': 'burger king', 'resolvedValues': ['burger king'], 'interpretedValue': 'burger king'}}, 'BurgerType': {'shape': 'Scalar', 'value': {'originalValue': 'bacon', 'resolvedValues': ['bacon'], 'interpretedValue': 'bacon'}}}, 'state': 'InProgress', 'confirmationState': 'None'}}, 'transcriptions': [{'resolvedContext': {'intent': 'BurgerBee'}, 'resolvedSlots': {'BurgerType': {'shape': 'Scalar', 'value': {'originalValue': 'bacon', 'resolvedValues': ['bacon']}}}, 'transcriptionConfidence': 1.0, 'transcription': 'bacon'}], 'messageVersion': '1.0', 'invocationSource': 'DialogCodeHook'}
"
1714073924303,"{'sessionState': {'dialogAction': {'type': 'Delegate'}, 'intent': {'name': 'BurgerBee', 'slots': {'BurgerSize': {'shape': 'Scalar', 'value': {'originalValue': 'double', 'resolvedValues': ['Double'], 'interpretedValue': 'double'}}, 'BurgerFranchise': {'shape': 'Scalar', 'value': {'originalValue': 'burger king', 'resolvedValues': ['burger king'], 'interpretedValue': 'burger king'}}, 'BurgerType': {'shape': 'Scalar', 'value': {'originalValue': 'bacon', 'resolvedValues': ['bacon'], 'interpretedValue': 'bacon'}}}}}}
"
1714073924304,"END RequestId: dfd8bc7e-4a03-4a4f-aec9-c80bbf2c63f6
"
1714073924304,"REPORT RequestId: dfd8bc7e-4a03-4a4f-aec9-c80bbf2c63f6	Duration: 1.84 ms	Billed Duration: 2 ms	Memory Size: 128 MB	Max Memory Used: 35 MB	
"
1714073929034,"START RequestId: 3fe8dc77-7c1d-4162-994a-0de3f92e0acf Version: $LATEST
"
1714073929034,"{'inputMode': 'Text', 'sessionId': '035527339877923', 'inputTranscript': 'yes', 'interpretations': [{'interpretationSource': 'Lex', 'nluConfidence': 1.0, 'intent': {'name': 'BurgerBee', 'slots': {'BurgerSize': {'shape': 'Scalar', 'value': {'originalValue': 'double', 'resolvedValues': ['Double'], 'interpretedValue': 'double'}}, 'BurgerFranchise': {'shape': 'Scalar', 'value': {'originalValue': 'burger king', 'resolvedValues': ['burger king'], 'interpretedValue': 'burger king'}}, 'BurgerType': {'shape': 'Scalar', 'value': {'originalValue': 'bacon', 'resolvedValues': ['bacon'], 'interpretedValue': 'bacon'}}}, 'state': 'InProgress', 'confirmationState': 'Confirmed'}}, {'interpretationSource': 'Lex', 'intent': {'name': 'FallbackIntent', 'slots': {}, 'state': 'InProgress', 'confirmationState': 'None'}}], 'bot': {'name': 'Mybot', 'version': 'DRAFT', 'localeId': 'en_US', 'id': 'OC2JM2BVQB', 'aliasId': 'TSTALIASID', 'aliasName': 'TestBotAlias'}, 'responseContentType': 'text/plain; charset=utf-8', 'sessionState': {'originatingRequestId': 'b55c73c6-e1a4-4fb4-a2d4-d9da1aaa81d6', 'sessionAttributes': {}, 'activeContexts': [], 'intent': {'name': 'BurgerBee', 'slots': {'BurgerSize': {'shape': 'Scalar', 'value': {'originalValue': 'double', 'resolvedValues': ['Double'], 'interpretedValue': 'double'}}, 'BurgerFranchise': {'shape': 'Scalar', 'value': {'originalValue': 'burger king', 'resolvedValues': ['burger king'], 'interpretedValue': 'burger king'}}, 'BurgerType': {'shape': 'Scalar', 'value': {'originalValue': 'bacon', 'resolvedValues': ['bacon'], 'interpretedValue': 'bacon'}}}, 'state': 'InProgress', 'confirmationState': 'Confirmed'}}, 'transcriptions': [{'resolvedContext': {'intent': 'BurgerBee'}, 'resolvedSlots': {}, 'transcriptionConfidence': 1.0, 'transcription': 'yes'}], 'messageVersion': '1.0', 'invocationSource': 'DialogCodeHook'}
"
1714073929034,"{'sessionState': {'dialogAction': {'type': 'Delegate'}, 'intent': {'name': 'BurgerBee', 'slots': {'BurgerSize': {'shape': 'Scalar', 'value': {'originalValue': 'double', 'resolvedValues': ['Double'], 'interpretedValue': 'double'}}, 'BurgerFranchise': {'shape': 'Scalar', 'value': {'originalValue': 'burger king', 'resolvedValues': ['burger king'], 'interpretedValue': 'burger king'}}, 'BurgerType': {'shape': 'Scalar', 'value': {'originalValue': 'bacon', 'resolvedValues': ['bacon'], 'interpretedValue': 'bacon'}}}}}}
"
1714073929035,"END RequestId: 3fe8dc77-7c1d-4162-994a-0de3f92e0acf
"
1714073929035,"REPORT RequestId: 3fe8dc77-7c1d-4162-994a-0de3f92e0acf	Duration: 1.53 ms	Billed Duration: 2 ms	Memory Size: 128 MB	Max Memory Used: 35 MB	
"
1714073929053,"START RequestId: da2d025b-078d-416e-903b-4edc7ed83315 Version: $LATEST
"
1714073929053,"{'inputMode': 'Text', 'sessionId': '035527339877923', 'inputTranscript': 'yes', 'interpretations': [{'interpretationSource': 'Lex', 'nluConfidence': 1.0, 'intent': {'name': 'BurgerBee', 'slots': {'BurgerSize': {'shape': 'Scalar', 'value': {'originalValue': 'double', 'resolvedValues': ['Double'], 'interpretedValue': 'double'}}, 'BurgerFranchise': {'shape': 'Scalar', 'value': {'originalValue': 'burger king', 'resolvedValues': ['burger king'], 'interpretedValue': 'burger king'}}, 'BurgerType': {'shape': 'Scalar', 'value': {'originalValue': 'bacon', 'resolvedValues': ['bacon'], 'interpretedValue': 'bacon'}}}, 'state': 'InProgress', 'confirmationState': 'Confirmed'}}, {'interpretationSource': 'Lex', 'intent': {'name': 'FallbackIntent', 'slots': {}, 'state': 'InProgress', 'confirmationState': 'None'}}], 'bot': {'name': 'Mybot', 'version': 'DRAFT', 'localeId': 'en_US', 'id': 'OC2JM2BVQB', 'aliasId': 'TSTALIASID', 'aliasName': 'TestBotAlias'}, 'responseContentType': 'text/plain; charset=utf-8', 'sessionState': {'originatingRequestId': 'b55c73c6-e1a4-4fb4-a2d4-d9da1aaa81d6', 'sessionAttributes': {}, 'activeContexts': [], 'intent': {'name': 'BurgerBee', 'slots': {'BurgerSize': {'shape': 'Scalar', 'value': {'originalValue': 'double', 'resolvedValues': ['Double'], 'interpretedValue': 'double'}}, 'BurgerFranchise': {'shape': 'Scalar', 'value': {'originalValue': 'burger king', 'resolvedValues': ['burger king'], 'interpretedValue': 'burger king'}}, 'BurgerType': {'shape': 'Scalar', 'value': {'originalValue': 'bacon', 'resolvedValues': ['bacon'], 'interpretedValue': 'bacon'}}}, 'state': 'InProgress', 'confirmationState': 'Confirmed'}}, 'transcriptions': [{'resolvedContext': {'intent': 'BurgerBee'}, 'resolvedSlots': {}, 'transcriptionConfidence': 1.0, 'transcription': 'yes'}], 'messageVersion': '1.0', 'invocationSource': 'DialogCodeHook'}
"
1714073929053,"{'sessionState': {'dialogAction': {'type': 'Delegate'}, 'intent': {'name': 'BurgerBee', 'slots': {'BurgerSize': {'shape': 'Scalar', 'value': {'originalValue': 'double', 'resolvedValues': ['Double'], 'interpretedValue': 'double'}}, 'BurgerFranchise': {'shape': 'Scalar', 'value': {'originalValue': 'burger king', 'resolvedValues': ['burger king'], 'interpretedValue': 'burger king'}}, 'BurgerType': {'shape': 'Scalar', 'value': {'originalValue': 'bacon', 'resolvedValues': ['bacon'], 'interpretedValue': 'bacon'}}}}}}
"
1714073929055,"END RequestId: da2d025b-078d-416e-903b-4edc7ed83315
"
1714073929055,"REPORT RequestId: da2d025b-078d-416e-903b-4edc7ed83315	Duration: 1.78 ms	Billed Duration: 2 ms	Memory Size: 128 MB	Max Memory Used: 35 MB	
"
1714073929091,"START RequestId: 241ee51b-6d32-4fe3-88ff-e23c65d289ea Version: $LATEST
"
1714073929092,"{'inputMode': 'Text', 'sessionId': '035527339877923', 'inputTranscript': 'yes', 'interpretations': [{'interpretationSource': 'Lex', 'nluConfidence': 1.0, 'intent': {'name': 'BurgerBee', 'slots': {'BurgerSize': {'shape': 'Scalar', 'value': {'originalValue': 'double', 'resolvedValues': ['Double'], 'interpretedValue': 'double'}}, 'BurgerFranchise': {'shape': 'Scalar', 'value': {'originalValue': 'burger king', 'resolvedValues': ['burger king'], 'interpretedValue': 'burger king'}}, 'BurgerType': {'shape': 'Scalar', 'value': {'originalValue': 'bacon', 'resolvedValues': ['bacon'], 'interpretedValue': 'bacon'}}}, 'state': 'ReadyForFulfillment', 'confirmationState': 'Confirmed'}}, {'interpretationSource': 'Lex', 'intent': {'name': 'FallbackIntent', 'slots': {}, 'state': 'ReadyForFulfillment', 'confirmationState': 'None'}}], 'bot': {'name': 'Mybot', 'version': 'DRAFT', 'localeId': 'en_US', 'id': 'OC2JM2BVQB', 'aliasId': 'TSTALIASID', 'aliasName': 'TestBotAlias'}, 'responseContentType': 'text/plain; charset=utf-8', 'sessionState': {'originatingRequestId': 'b55c73c6-e1a4-4fb4-a2d4-d9da1aaa81d6', 'sessionAttributes': {}, 'activeContexts': [], 'intent': {'name': 'BurgerBee', 'slots': {'BurgerSize': {'shape': 'Scalar', 'value': {'originalValue': 'double', 'resolvedValues': ['Double'], 'interpretedValue': 'double'}}, 'BurgerFranchise': {'shape': 'Scalar', 'value': {'originalValue': 'burger king', 'resolvedValues': ['burger king'], 'interpretedValue': 'burger king'}}, 'BurgerType': {'shape': 'Scalar', 'value': {'originalValue': 'bacon', 'resolvedValues': ['bacon'], 'interpretedValue': 'bacon'}}}, 'state': 'ReadyForFulfillment', 'confirmationState': 'Confirmed'}}, 'transcriptions': [{'resolvedContext': {'intent': 'BurgerBee'}, 'resolvedSlots': {}, 'transcriptionConfidence': 1.0, 'transcription': 'yes'}], 'messageVersion': '1.0', 'invocationSource': 'FulfillmentCodeHook'}
"
1714073929092,"{'sessionState': {'dialogAction': {'type': 'Close'}, 'intent': {'name': 'BurgerBee', 'slots': {'BurgerSize': {'shape': 'Scalar', 'value': {'originalValue': 'double', 'resolvedValues': ['Double'], 'interpretedValue': 'double'}}, 'BurgerFranchise': {'shape': 'Scalar', 'value': {'originalValue': 'burger king', 'resolvedValues': ['burger king'], 'interpretedValue': 'burger king'}}, 'BurgerType': {'shape': 'Scalar', 'value': {'originalValue': 'bacon', 'resolvedValues': ['bacon'], 'interpretedValue': 'bacon'}}}, 'state': 'Fulfilled'}}, 'messages': [{'contentType': 'PlainText', 'content': 'Yey! Your order is confirmed.'}]}
"
1714073929096,"END RequestId: 241ee51b-6d32-4fe3-88ff-e23c65d289ea
"
1714073929096,"REPORT RequestId: 241ee51b-6d32-4fe3-88ff-e23c65d289ea	Duration: 4.71 ms	Billed Duration: 5 ms	Memory Size: 128 MB	Max Memory Used: 36 MB	
"
1714073937202,"START RequestId: 2b5b54ec-e3f1-4d59-9c0d-08407bdec468 Version: $LATEST
"
1714073937202,"{'inputMode': 'Text', 'sessionId': '035527339877923', 'inputTranscript': 'order burger', 'interpretations': [{'interpretationSource': 'Lex', 'nluConfidence': 1.0, 'intent': {'name': 'BurgerBee', 'slots': {'BurgerSize': None, 'BurgerFranchise': None, 'BurgerType': None}, 'state': 'InProgress', 'confirmationState': 'None'}}, {'interpretationSource': 'Lex', 'intent': {'name': 'FallbackIntent', 'slots': {}, 'state': 'InProgress', 'confirmationState': 'None'}}], 'bot': {'name': 'Mybot', 'version': 'DRAFT', 'localeId': 'en_US', 'id': 'OC2JM2BVQB', 'aliasId': 'TSTALIASID', 'aliasName': 'TestBotAlias'}, 'responseContentType': 'text/plain; charset=utf-8', 'proposedNextState': {'prompt': {'attempt': 'Retry1'}, 'intent': {'name': 'BurgerBee', 'slots': {'BurgerSize': None, 'BurgerFranchise': None, 'BurgerType': None}, 'state': 'InProgress', 'confirmationState': 'None'}, 'dialogAction': {'type': 'ElicitSlot', 'slotToElicit': 'BurgerSize'}}, 'sessionState': {'originatingRequestId': 'b55c73c6-e1a4-4fb4-a2d4-d9da1aaa81d6', 'sessionAttributes': {}, 'activeContexts': [], 'intent': {'name': 'BurgerBee', 'slots': {'BurgerSize': None, 'BurgerFranchise': None, 'BurgerType': None}, 'state': 'InProgress', 'confirmationState': 'None'}}, 'transcriptions': [{'resolvedContext': {'intent': 'BurgerBee'}, 'resolvedSlots': {}, 'transcriptionConfidence': 1.0, 'transcription': 'order burger'}], 'messageVersion': '1.0', 'invocationSource': 'DialogCodeHook'}
"
1714073937202,"Validating BurgerSize Slot
"
1714073937202,"{'sessionState': {'dialogAction': {'slotToElicit': 'BurgerSize', 'type': 'ElicitSlot'}, 'intent': {'name': 'BurgerBee', 'slots': {'BurgerSize': None, 'BurgerFranchise': None, 'BurgerType': None}}}}
"
1714073937203,"END RequestId: 2b5b54ec-e3f1-4d59-9c0d-08407bdec468
"
1714073937203,"REPORT RequestId: 2b5b54ec-e3f1-4d59-9c0d-08407bdec468	Duration: 1.53 ms	Billed Duration: 2 ms	Memory Size: 128 MB	Max Memory Used: 36 MB	
"
1714073940305,"START RequestId: 07e98a58-add6-49b6-a8b1-d211f32e295c Version: $LATEST
"
1714073940306,"{'inputMode': 'Text', 'sessionId': '035527339877923', 'inputTranscript': 'triple', 'interpretations': [{'interpretationSource': 'Lex', 'nluConfidence': 1.0, 'intent': {'name': 'BurgerBee', 'slots': {'BurgerSize': {'shape': 'Scalar', 'value': {'originalValue': 'triple', 'resolvedValues': ['Triple'], 'interpretedValue': 'triple'}}, 'BurgerFranchise': None, 'BurgerType': None}, 'state': 'InProgress', 'confirmationState': 'None'}}, {'interpretationSource': 'Lex', 'intent': {'name': 'FallbackIntent', 'slots': {}, 'state': 'InProgress', 'confirmationState': 'None'}}], 'bot': {'name': 'Mybot', 'version': 'DRAFT', 'localeId': 'en_US', 'id': 'OC2JM2BVQB', 'aliasId': 'TSTALIASID', 'aliasName': 'TestBotAlias'}, 'responseContentType': 'text/plain; charset=utf-8', 'proposedNextState': {'prompt': {'attempt': 'Initial'}, 'intent': {'name': 'BurgerBee', 'slots': {'BurgerSize': {'shape': 'Scalar', 'value': {'originalValue': 'triple', 'resolvedValues': ['Triple'], 'interpretedValue': 'triple'}}, 'BurgerFranchise': None, 'BurgerType': None}, 'state': 'InProgress', 'confirmationState': 'None'}, 'dialogAction': {'type': 'ElicitSlot', 'slotToElicit': 'BurgerFranchise'}}, 'sessionState': {'originatingRequestId': 'b55c73c6-e1a4-4fb4-a2d4-d9da1aaa81d6', 'sessionAttributes': {}, 'activeContexts': [], 'intent': {'name': 'BurgerBee', 'slots': {'BurgerSize': {'shape': 'Scalar', 'value': {'originalValue': 'triple', 'resolvedValues': ['Triple'], 'interpretedValue': 'triple'}}, 'BurgerFranchise': None, 'BurgerType': None}, 'state': 'InProgress', 'confirmationState': 'None'}}, 'transcriptions': [{'resolvedContext': {'intent': 'BurgerBee'}, 'resolvedSlots': {'BurgerSize': {'shape': 'Scalar', 'value': {'originalValue': 'triple', 'resolvedValues': ['Triple']}}}, 'transcriptionConfidence': 1.0, 'transcription': 'triple'}], 'messageVersion': '1.0', 'invocationSource': 'DialogCodeHook'}
"
1714073940306,"Validating BurgerFranchise Slot
"
1714073940306,"{'sessionState': {'dialogAction': {'slotToElicit': 'BurgerFranchise', 'type': 'ElicitSlot'}, 'intent': {'name': 'BurgerBee', 'slots': {'BurgerSize': {'shape': 'Scalar', 'value': {'originalValue': 'triple', 'resolvedValues': ['Triple'], 'interpretedValue': 'triple'}}, 'BurgerFranchise': None, 'BurgerType': None}}}}
"
1714073940307,"END RequestId: 07e98a58-add6-49b6-a8b1-d211f32e295c
"
1714073940307,"REPORT RequestId: 07e98a58-add6-49b6-a8b1-d211f32e295c	Duration: 1.67 ms	Billed Duration: 2 ms	Memory Size: 128 MB	Max Memory Used: 36 MB	
"
1714073944383,"START RequestId: 24196637-4a07-4b9b-b6a5-be360b3efe49 Version: $LATEST
"
1714073944384,"{'inputMode': 'Text', 'sessionId': '035527339877923', 'inputTranscript': 'burger king', 'interpretations': [{'interpretationSource': 'Lex', 'nluConfidence': 1.0, 'intent': {'name': 'BurgerBee', 'slots': {'BurgerSize': {'shape': 'Scalar', 'value': {'originalValue': 'triple', 'resolvedValues': ['Triple'], 'interpretedValue': 'triple'}}, 'BurgerFranchise': {'shape': 'Scalar', 'value': {'originalValue': 'burger king', 'resolvedValues': ['burger king'], 'interpretedValue': 'burger king'}}, 'BurgerType': None}, 'state': 'InProgress', 'confirmationState': 'None'}}, {'interpretationSource': 'Lex', 'intent': {'name': 'FallbackIntent', 'slots': {}, 'state': 'InProgress', 'confirmationState': 'None'}}], 'bot': {'name': 'Mybot', 'version': 'DRAFT', 'localeId': 'en_US', 'id': 'OC2JM2BVQB', 'aliasId': 'TSTALIASID', 'aliasName': 'TestBotAlias'}, 'responseContentType': 'text/plain; charset=utf-8', 'proposedNextState': {'prompt': {'attempt': 'Initial'}, 'intent': {'name': 'BurgerBee', 'slots': {'BurgerSize': {'shape': 'Scalar', 'value': {'originalValue': 'triple', 'resolvedValues': ['Triple'], 'interpretedValue': 'triple'}}, 'BurgerFranchise': {'shape': 'Scalar', 'value': {'originalValue': 'burger king', 'resolvedValues': ['burger king'], 'interpretedValue': 'burger king'}}, 'BurgerType': None}, 'state': 'InProgress', 'confirmationState': 'None'}, 'dialogAction': {'type': 'ElicitSlot', 'slotToElicit': 'BurgerType'}}, 'sessionState': {'originatingRequestId': 'b55c73c6-e1a4-4fb4-a2d4-d9da1aaa81d6', 'sessionAttributes': {}, 'activeContexts': [], 'intent': {'name': 'BurgerBee', 'slots': {'BurgerSize': {'shape': 'Scalar', 'value': {'originalValue': 'triple', 'resolvedValues': ['Triple'], 'interpretedValue': 'triple'}}, 'BurgerFranchise': {'shape': 'Scalar', 'value': {'originalValue': 'burger king', 'resolvedValues': ['burger king'], 'interpretedValue': 'burger king'}}, 'BurgerType': None}, 'state': 'InProgress', 'confirmationState': 'None'}}, 'transcriptions': [{'resolvedContext': {'intent': 'BurgerBee'}, 'resolvedSlots': {'BurgerFranchise': {'shape': 'Scalar', 'value': {'originalValue': 'burger king', 'resolvedValues': ['burger king']}}}, 'transcriptionConfidence': 1.0, 'transcription': 'burger king'}], 'messageVersion': '1.0', 'invocationSource': 'DialogCodeHook'}
"
1714073944384,"Validating BurgerType Slot
"
1714073944384,"{'sessionState': {'dialogAction': {'slotToElicit': 'BurgerType', 'type': 'ElicitSlot'}, 'intent': {'name': 'BurgerBee', 'slots': {'BurgerSize': {'shape': 'Scalar', 'value': {'originalValue': 'triple', 'resolvedValues': ['Triple'], 'interpretedValue': 'triple'}}, 'BurgerFranchise': {'shape': 'Scalar', 'value': {'originalValue': 'burger king', 'resolvedValues': ['burger king'], 'interpretedValue': 'burger king'}}, 'BurgerType': None}}}}
"
1714073944385,"END RequestId: 24196637-4a07-4b9b-b6a5-be360b3efe49
"
1714073944385,"REPORT RequestId: 24196637-4a07-4b9b-b6a5-be360b3efe49	Duration: 1.71 ms	Billed Duration: 2 ms	Memory Size: 128 MB	Max Memory Used: 36 MB	
"
1714073947935,"START RequestId: a6eae33b-b73e-4054-9c88-ae7265ebdcfb Version: $LATEST
"
1714073947935,"{'inputMode': 'Text', 'sessionId': '035527339877923', 'inputTranscript': 'pickle', 'interpretations': [{'interpretationSource': 'Lex', 'nluConfidence': 1.0, 'intent': {'name': 'BurgerBee', 'slots': {'BurgerSize': {'shape': 'Scalar', 'value': {'originalValue': 'triple', 'resolvedValues': ['Triple'], 'interpretedValue': 'triple'}}, 'BurgerFranchise': {'shape': 'Scalar', 'value': {'originalValue': 'burger king', 'resolvedValues': ['burger king'], 'interpretedValue': 'burger king'}}, 'BurgerType': {'shape': 'Scalar', 'value': {'originalValue': 'pickle', 'resolvedValues': ['pickle'], 'interpretedValue': 'pickle'}}}, 'state': 'InProgress', 'confirmationState': 'None'}}, {'interpretationSource': 'Lex', 'intent': {'name': 'FallbackIntent', 'slots': {}, 'state': 'InProgress', 'confirmationState': 'None'}}], 'bot': {'name': 'Mybot', 'version': 'DRAFT', 'localeId': 'en_US', 'id': 'OC2JM2BVQB', 'aliasId': 'TSTALIASID', 'aliasName': 'TestBotAlias'}, 'responseContentType': 'text/plain; charset=utf-8', 'sessionState': {'originatingRequestId': 'b55c73c6-e1a4-4fb4-a2d4-d9da1aaa81d6', 'sessionAttributes': {}, 'activeContexts': [], 'intent': {'name': 'BurgerBee', 'slots': {'BurgerSize': {'shape': 'Scalar', 'value': {'originalValue': 'triple', 'resolvedValues': ['Triple'], 'interpretedValue': 'triple'}}, 'BurgerFranchise': {'shape': 'Scalar', 'value': {'originalValue': 'burger king', 'resolvedValues': ['burger king'], 'interpretedValue': 'burger king'}}, 'BurgerType': {'shape': 'Scalar', 'value': {'originalValue': 'pickle', 'resolvedValues': ['pickle'], 'interpretedValue': 'pickle'}}}, 'state': 'InProgress', 'confirmationState': 'None'}}, 'transcriptions': [{'resolvedContext': {'intent': 'BurgerBee'}, 'resolvedSlots': {'BurgerType': {'shape': 'Scalar', 'value': {'originalValue': 'pickle', 'resolvedValues': ['pickle']}}}, 'transcriptionConfidence': 1.0, 'transcription': 'pickle'}], 'messageVersion': '1.0', 'invocationSource': 'DialogCodeHook'}
"
1714073947935,"Invalid BurgerType for burger king
"
1714073947935,"{'sessionState': {'dialogAction': {'slotToElicit': 'BurgerType', 'type': 'ElicitSlot'}, 'intent': {'name': 'BurgerBee', 'slots': {'BurgerSize': {'shape': 'Scalar', 'value': {'originalValue': 'triple', 'resolvedValues': ['Triple'], 'interpretedValue': 'triple'}}, 'BurgerFranchise': {'shape': 'Scalar', 'value': {'originalValue': 'burger king', 'resolvedValues': ['burger king'], 'interpretedValue': 'burger king'}}, 'BurgerType': {'shape': 'Scalar', 'value': {'originalValue': 'pickle', 'resolvedValues': ['pickle'], 'interpretedValue': 'pickle'}}}}}, 'messages': [{'contentType': 'PlainText', 'content': 'Would you like to add? plain, cheese, bacon.'}]}
"
1714073947936,"END RequestId: a6eae33b-b73e-4054-9c88-ae7265ebdcfb
"
1714073947936,"REPORT RequestId: a6eae33b-b73e-4054-9c88-ae7265ebdcfb	Duration: 1.75 ms	Billed Duration: 2 ms	Memory Size: 128 MB	Max Memory Used: 36 MB	
"
1714073952994,"START RequestId: e630e1ad-d0a6-494f-9dd5-71d7ae3f8dba Version: $LATEST
"
1714073952995,"{'inputMode': 'Text', 'sessionId': '035527339877923', 'inputTranscript': 'yes', 'interpretations': [{'interpretationSource': 'Lex', 'nluConfidence': 0.95, 'intent': {'name': 'BurgerBee', 'slots': {'BurgerSize': {'shape': 'Scalar', 'value': {'originalValue': 'triple', 'resolvedValues': ['Triple'], 'interpretedValue': 'triple'}}, 'BurgerFranchise': {'shape': 'Scalar', 'value': {'originalValue': 'burger king', 'resolvedValues': ['burger king'], 'interpretedValue': 'burger king'}}, 'BurgerType': {'shape': 'Scalar', 'value': {'originalValue': 'pickle', 'resolvedValues': ['pickle'], 'interpretedValue': 'pickle'}}}, 'state': 'InProgress', 'confirmationState': 'None'}}, {'interpretationSource': 'Lex', 'intent': {'name': 'FallbackIntent', 'slots': {}, 'state': 'InProgress', 'confirmationState': 'None'}}], 'bot': {'name': 'Mybot', 'version': 'DRAFT', 'localeId': 'en_US', 'id': 'OC2JM2BVQB', 'aliasId': 'TSTALIASID', 'aliasName': 'TestBotAlias'}, 'responseContentType': 'text/plain; charset=utf-8', 'sessionState': {'originatingRequestId': 'b55c73c6-e1a4-4fb4-a2d4-d9da1aaa81d6', 'sessionAttributes': {}, 'activeContexts': [], 'intent': {'name': 'BurgerBee', 'slots': {'BurgerSize': {'shape': 'Scalar', 'value': {'originalValue': 'triple', 'resolvedValues': ['Triple'], 'interpretedValue': 'triple'}}, 'BurgerFranchise': {'shape': 'Scalar', 'value': {'originalValue': 'burger king', 'resolvedValues': ['burger king'], 'interpretedValue': 'burger king'}}, 'BurgerType': {'shape': 'Scalar', 'value': {'originalValue': 'pickle', 'resolvedValues': ['pickle'], 'interpretedValue': 'pickle'}}}, 'state': 'InProgress', 'confirmationState': 'None'}}, 'transcriptions': [{'resolvedContext': {'intent': 'FallbackIntent'}, 'resolvedSlots': {}, 'transcriptionConfidence': 1.0, 'transcription': 'yes'}], 'messageVersion': '1.0', 'invocationSource': 'DialogCodeHook'}
"
1714073952995,"Invalid BurgerType for burger king
"
1714073952995,"{'sessionState': {'dialogAction': {'slotToElicit': 'BurgerType', 'type': 'ElicitSlot'}, 'intent': {'name': 'BurgerBee', 'slots': {'BurgerSize': {'shape': 'Scalar', 'value': {'originalValue': 'triple', 'resolvedValues': ['Triple'], 'interpretedValue': 'triple'}}, 'BurgerFranchise': {'shape': 'Scalar', 'value': {'originalValue': 'burger king', 'resolvedValues': ['burger king'], 'interpretedValue': 'burger king'}}, 'BurgerType': {'shape': 'Scalar', 'value': {'originalValue': 'pickle', 'resolvedValues': ['pickle'], 'interpretedValue': 'pickle'}}}}}, 'messages': [{'contentType': 'PlainText', 'content': 'Would you like to add? plain, cheese, bacon.'}]}
"
1714073952997,"END RequestId: e630e1ad-d0a6-494f-9dd5-71d7ae3f8dba
"
1714073952997,"REPORT RequestId: e630e1ad-d0a6-494f-9dd5-71d7ae3f8dba	Duration: 2.12 ms	Billed Duration: 3 ms	Memory Size: 128 MB	Max Memory Used: 36 MB	
"
1714073955916,"START RequestId: 6fef9663-6b0d-418d-aec1-cb30bda70282 Version: $LATEST
"
1714073955916,"{'inputMode': 'Text', 'sessionId': '035527339877923', 'inputTranscript': 'bacon', 'interpretations': [{'interpretationSource': 'Lex', 'nluConfidence': 1.0, 'intent': {'name': 'BurgerBee', 'slots': {'BurgerSize': {'shape': 'Scalar', 'value': {'originalValue': 'triple', 'resolvedValues': ['Triple'], 'interpretedValue': 'triple'}}, 'BurgerFranchise': {'shape': 'Scalar', 'value': {'originalValue': 'burger king', 'resolvedValues': ['burger king'], 'interpretedValue': 'burger king'}}, 'BurgerType': {'shape': 'Scalar', 'value': {'originalValue': 'bacon', 'resolvedValues': ['bacon'], 'interpretedValue': 'bacon'}}}, 'state': 'InProgress', 'confirmationState': 'None'}}, {'interpretationSource': 'Lex', 'intent': {'name': 'FallbackIntent', 'slots': {}, 'state': 'InProgress', 'confirmationState': 'None'}}], 'bot': {'name': 'Mybot', 'version': 'DRAFT', 'localeId': 'en_US', 'id': 'OC2JM2BVQB', 'aliasId': 'TSTALIASID', 'aliasName': 'TestBotAlias'}, 'responseContentType': 'text/plain; charset=utf-8', 'sessionState': {'originatingRequestId': 'b55c73c6-e1a4-4fb4-a2d4-d9da1aaa81d6', 'sessionAttributes': {}, 'activeContexts': [], 'intent': {'name': 'BurgerBee', 'slots': {'BurgerSize': {'shape': 'Scalar', 'value': {'originalValue': 'triple', 'resolvedValues': ['Triple'], 'interpretedValue': 'triple'}}, 'BurgerFranchise': {'shape': 'Scalar', 'value': {'originalValue': 'burger king', 'resolvedValues': ['burger king'], 'interpretedValue': 'burger king'}}, 'BurgerType': {'shape': 'Scalar', 'value': {'originalValue': 'bacon', 'resolvedValues': ['bacon'], 'interpretedValue': 'bacon'}}}, 'state': 'InProgress', 'confirmationState': 'None'}}, 'transcriptions': [{'resolvedContext': {'intent': 'BurgerBee'}, 'resolvedSlots': {'BurgerType': {'shape': 'Scalar', 'value': {'originalValue': 'bacon', 'resolvedValues': ['bacon']}}}, 'transcriptionConfidence': 1.0, 'transcription': 'bacon'}], 'messageVersion': '1.0', 'invocationSource': 'DialogCodeHook'}
"
1714073955916,"{'sessionState': {'dialogAction': {'type': 'Delegate'}, 'intent': {'name': 'BurgerBee', 'slots': {'BurgerSize': {'shape': 'Scalar', 'value': {'originalValue': 'triple', 'resolvedValues': ['Triple'], 'interpretedValue': 'triple'}}, 'BurgerFranchise': {'shape': 'Scalar', 'value': {'originalValue': 'burger king', 'resolvedValues': ['burger king'], 'interpretedValue': 'burger king'}}, 'BurgerType': {'shape': 'Scalar', 'value': {'originalValue': 'bacon', 'resolvedValues': ['bacon'], 'interpretedValue': 'bacon'}}}}}}
"
1714073955917,"END RequestId: 6fef9663-6b0d-418d-aec1-cb30bda70282
"
1714073955917,"REPORT RequestId: 6fef9663-6b0d-418d-aec1-cb30bda70282	Duration: 1.79 ms	Billed Duration: 2 ms	Memory Size: 128 MB	Max Memory Used: 36 MB	
"
1714073958211,"START RequestId: 68b3c0c6-c907-4da1-b821-63251a031e6a Version: $LATEST
"
1714073958211,"{'inputMode': 'Text', 'sessionId': '035527339877923', 'inputTranscript': 'no', 'interpretations': [{'interpretationSource': 'Lex', 'nluConfidence': 1.0, 'intent': {'name': 'BurgerBee', 'slots': {'BurgerSize': {'shape': 'Scalar', 'value': {'originalValue': 'triple', 'resolvedValues': ['Triple'], 'interpretedValue': 'triple'}}, 'BurgerFranchise': {'shape': 'Scalar', 'value': {'originalValue': 'burger king', 'resolvedValues': ['burger king'], 'interpretedValue': 'burger king'}}, 'BurgerType': {'shape': 'Scalar', 'value': {'originalValue': 'bacon', 'resolvedValues': ['bacon'], 'interpretedValue': 'bacon'}}}, 'state': 'InProgress', 'confirmationState': 'Denied'}}, {'interpretationSource': 'Lex', 'intent': {'name': 'FallbackIntent', 'slots': {}, 'state': 'InProgress', 'confirmationState': 'None'}}], 'bot': {'name': 'Mybot', 'version': 'DRAFT', 'localeId': 'en_US', 'id': 'OC2JM2BVQB', 'aliasId': 'TSTALIASID', 'aliasName': 'TestBotAlias'}, 'responseContentType': 'text/plain; charset=utf-8', 'sessionState': {'originatingRequestId': 'b55c73c6-e1a4-4fb4-a2d4-d9da1aaa81d6', 'sessionAttributes': {}, 'activeContexts': [], 'intent': {'name': 'BurgerBee', 'slots': {'BurgerSize': {'shape': 'Scalar', 'value': {'originalValue': 'triple', 'resolvedValues': ['Triple'], 'interpretedValue': 'triple'}}, 'BurgerFranchise': {'shape': 'Scalar', 'value': {'originalValue': 'burger king', 'resolvedValues': ['burger king'], 'interpretedValue': 'burger king'}}, 'BurgerType': {'shape': 'Scalar', 'value': {'originalValue': 'bacon', 'resolvedValues': ['bacon'], 'interpretedValue': 'bacon'}}}, 'state': 'InProgress', 'confirmationState': 'Denied'}}, 'transcriptions': [{'resolvedContext': {'intent': 'BurgerBee'}, 'resolvedSlots': {}, 'transcriptionConfidence': 1.0, 'transcription': 'no'}], 'messageVersion': '1.0', 'invocationSource': 'DialogCodeHook'}
"
1714073958211,"{'sessionState': {'dialogAction': {'type': 'Delegate'}, 'intent': {'name': 'BurgerBee', 'slots': {'BurgerSize': {'shape': 'Scalar', 'value': {'originalValue': 'triple', 'resolvedValues': ['Triple'], 'interpretedValue': 'triple'}}, 'BurgerFranchise': {'shape': 'Scalar', 'value': {'originalValue': 'burger king', 'resolvedValues': ['burger king'], 'interpretedValue': 'burger king'}}, 'BurgerType': {'shape': 'Scalar', 'value': {'originalValue': 'bacon', 'resolvedValues': ['bacon'], 'interpretedValue': 'bacon'}}}}}}
"
1714073958212,"END RequestId: 68b3c0c6-c907-4da1-b821-63251a031e6a
"
1714073958212,"REPORT RequestId: 68b3c0c6-c907-4da1-b821-63251a031e6a	Duration: 1.67 ms	Billed Duration: 2 ms	Memory Size: 128 MB	Max Memory Used: 36 MB	
"
1714073963893,"START RequestId: 5d58cd34-ac39-46c7-9737-0ba554fc8b81 Version: $LATEST
"
1714073963894,"{'inputMode': 'Text', 'sessionId': '035527339877923', 'inputTranscript': 'order burger', 'interpretations': [{'interpretationSource': 'Lex', 'nluConfidence': 1.0, 'intent': {'name': 'BurgerBee', 'slots': {'BurgerSize': None, 'BurgerFranchise': None, 'BurgerType': None}, 'state': 'InProgress', 'confirmationState': 'None'}}, {'interpretationSource': 'Lex', 'intent': {'name': 'FallbackIntent', 'slots': {}, 'state': 'InProgress', 'confirmationState': 'None'}}], 'bot': {'name': 'Mybot', 'version': 'DRAFT', 'localeId': 'en_US', 'id': 'OC2JM2BVQB', 'aliasId': 'TSTALIASID', 'aliasName': 'TestBotAlias'}, 'responseContentType': 'text/plain; charset=utf-8', 'proposedNextState': {'prompt': {'attempt': 'Retry1'}, 'intent': {'name': 'BurgerBee', 'slots': {'BurgerSize': None, 'BurgerFranchise': None, 'BurgerType': None}, 'state': 'InProgress', 'confirmationState': 'None'}, 'dialogAction': {'type': 'ElicitSlot', 'slotToElicit': 'BurgerSize'}}, 'sessionState': {'originatingRequestId': 'b55c73c6-e1a4-4fb4-a2d4-d9da1aaa81d6', 'sessionAttributes': {}, 'activeContexts': [], 'intent': {'name': 'BurgerBee', 'slots': {'BurgerSize': None, 'BurgerFranchise': None, 'BurgerType': None}, 'state': 'InProgress', 'confirmationState': 'None'}}, 'transcriptions': [{'resolvedContext': {'intent': 'BurgerBee'}, 'resolvedSlots': {}, 'transcriptionConfidence': 1.0, 'transcription': 'order burger'}], 'messageVersion': '1.0', 'invocationSource': 'DialogCodeHook'}
"
1714073963894,"Validating BurgerSize Slot
"
1714073963894,"{'sessionState': {'dialogAction': {'slotToElicit': 'BurgerSize', 'type': 'ElicitSlot'}, 'intent': {'name': 'BurgerBee', 'slots': {'BurgerSize': None, 'BurgerFranchise': None, 'BurgerType': None}}}}
"
1714073963895,"END RequestId: 5d58cd34-ac39-46c7-9737-0ba554fc8b81
"
1714073963895,"REPORT RequestId: 5d58cd34-ac39-46c7-9737-0ba554fc8b81	Duration: 2.22 ms	Billed Duration: 3 ms	Memory Size: 128 MB	Max Memory Used: 36 MB	
"
1714073967399,"START RequestId: af2cdf9b-9160-453d-a2a1-8484b01732a0 Version: $LATEST
"
1714073967399,"{'inputMode': 'Text', 'sessionId': '035527339877923', 'inputTranscript': 'double', 'interpretations': [{'interpretationSource': 'Lex', 'nluConfidence': 1.0, 'intent': {'name': 'BurgerBee', 'slots': {'BurgerSize': {'shape': 'Scalar', 'value': {'originalValue': 'double', 'resolvedValues': ['Double'], 'interpretedValue': 'double'}}, 'BurgerFranchise': None, 'BurgerType': None}, 'state': 'InProgress', 'confirmationState': 'None'}}, {'interpretationSource': 'Lex', 'intent': {'name': 'FallbackIntent', 'slots': {}, 'state': 'InProgress', 'confirmationState': 'None'}}], 'bot': {'name': 'Mybot', 'version': 'DRAFT', 'localeId': 'en_US', 'id': 'OC2JM2BVQB', 'aliasId': 'TSTALIASID', 'aliasName': 'TestBotAlias'}, 'responseContentType': 'text/plain; charset=utf-8', 'proposedNextState': {'prompt': {'attempt': 'Initial'}, 'intent': {'name': 'BurgerBee', 'slots': {'BurgerSize': {'shape': 'Scalar', 'value': {'originalValue': 'double', 'resolvedValues': ['Double'], 'interpretedValue': 'double'}}, 'BurgerFranchise': None, 'BurgerType': None}, 'state': 'InProgress', 'confirmationState': 'None'}, 'dialogAction': {'type': 'ElicitSlot', 'slotToElicit': 'BurgerFranchise'}}, 'sessionState': {'originatingRequestId': 'b55c73c6-e1a4-4fb4-a2d4-d9da1aaa81d6', 'sessionAttributes': {}, 'activeContexts': [], 'intent': {'name': 'BurgerBee', 'slots': {'BurgerSize': {'shape': 'Scalar', 'value': {'originalValue': 'double', 'resolvedValues': ['Double'], 'interpretedValue': 'double'}}, 'BurgerFranchise': None, 'BurgerType': None}, 'state': 'InProgress', 'confirmationState': 'None'}}, 'transcriptions': [{'resolvedContext': {'intent': 'BurgerBee'}, 'resolvedSlots': {'BurgerSize': {'shape': 'Scalar', 'value': {'originalValue': 'double', 'resolvedValues': ['Double']}}}, 'transcriptionConfidence': 1.0, 'transcription': 'double'}], 'messageVersion': '1.0', 'invocationSource': 'DialogCodeHook'}
"
1714073967399,"Validating BurgerFranchise Slot
"
1714073967399,"{'sessionState': {'dialogAction': {'slotToElicit': 'BurgerFranchise', 'type': 'ElicitSlot'}, 'intent': {'name': 'BurgerBee', 'slots': {'BurgerSize': {'shape': 'Scalar', 'value': {'originalValue': 'double', 'resolvedValues': ['Double'], 'interpretedValue': 'double'}}, 'BurgerFranchise': None, 'BurgerType': None}}}}
"
1714073967400,"END RequestId: af2cdf9b-9160-453d-a2a1-8484b01732a0
"
1714073967400,"REPORT RequestId: af2cdf9b-9160-453d-a2a1-8484b01732a0	Duration: 1.66 ms	Billed Duration: 2 ms	Memory Size: 128 MB	Max Memory Used: 36 MB	
"
1714073971544,"START RequestId: 4a5dab39-0e13-4533-857a-137d7b5ed595 Version: $LATEST
"
1714073971544,"{'inputMode': 'Text', 'sessionId': '035527339877923', 'inputTranscript': 'mc donald', 'interpretations': [{'interpretationSource': 'Lex', 'nluConfidence': 1.0, 'intent': {'name': 'BurgerBee', 'slots': {'BurgerSize': {'shape': 'Scalar', 'value': {'originalValue': 'double', 'resolvedValues': ['Double'], 'interpretedValue': 'double'}}, 'BurgerFranchise': {'shape': 'Scalar', 'value': {'originalValue': 'mc donald', 'resolvedValues': ['mc donald'], 'interpretedValue': 'mc donald'}}, 'BurgerType': None}, 'state': 'InProgress', 'confirmationState': 'None'}}, {'interpretationSource': 'Lex', 'intent': {'name': 'FallbackIntent', 'slots': {}, 'state': 'InProgress', 'confirmationState': 'None'}}], 'bot': {'name': 'Mybot', 'version': 'DRAFT', 'localeId': 'en_US', 'id': 'OC2JM2BVQB', 'aliasId': 'TSTALIASID', 'aliasName': 'TestBotAlias'}, 'responseContentType': 'text/plain; charset=utf-8', 'proposedNextState': {'prompt': {'attempt': 'Initial'}, 'intent': {'name': 'BurgerBee', 'slots': {'BurgerSize': {'shape': 'Scalar', 'value': {'originalValue': 'double', 'resolvedValues': ['Double'], 'interpretedValue': 'double'}}, 'BurgerFranchise': {'shape': 'Scalar', 'value': {'originalValue': 'mc donald', 'resolvedValues': ['mc donald'], 'interpretedValue': 'mc donald'}}, 'BurgerType': None}, 'state': 'InProgress', 'confirmationState': 'None'}, 'dialogAction': {'type': 'ElicitSlot', 'slotToElicit': 'BurgerType'}}, 'sessionState': {'originatingRequestId': 'b55c73c6-e1a4-4fb4-a2d4-d9da1aaa81d6', 'sessionAttributes': {}, 'activeContexts': [], 'intent': {'name': 'BurgerBee', 'slots': {'BurgerSize': {'shape': 'Scalar', 'value': {'originalValue': 'double', 'resolvedValues': ['Double'], 'interpretedValue': 'double'}}, 'BurgerFranchise': {'shape': 'Scalar', 'value': {'originalValue': 'mc donald', 'resolvedValues': ['mc donald'], 'interpretedValue': 'mc donald'}}, 'BurgerType': None}, 'state': 'InProgress', 'confirmationState': 'None'}}, 'transcriptions': [{'resolvedContext': {'intent': 'BurgerBee'}, 'resolvedSlots': {'BurgerFranchise': {'shape': 'Scalar', 'value': {'originalValue': 'mc donald', 'resolvedValues': ['mc donald']}}}, 'transcriptionConfidence': 1.0, 'transcription': 'mc donald'}], 'messageVersion': '1.0', 'invocationSource': 'DialogCodeHook'}
"
1714073971544,"Validating BurgerType Slot
"
1714073971544,"{'sessionState': {'dialogAction': {'slotToElicit': 'BurgerType', 'type': 'ElicitSlot'}, 'intent': {'name': 'BurgerBee', 'slots': {'BurgerSize': {'shape': 'Scalar', 'value': {'originalValue': 'double', 'resolvedValues': ['Double'], 'interpretedValue': 'double'}}, 'BurgerFranchise': {'shape': 'Scalar', 'value': {'originalValue': 'mc donald', 'resolvedValues': ['mc donald'], 'interpretedValue': 'mc donald'}}, 'BurgerType': None}}}}
"
1714073971545,"END RequestId: 4a5dab39-0e13-4533-857a-137d7b5ed595
"
1714073971545,"REPORT RequestId: 4a5dab39-0e13-4533-857a-137d7b5ed595	Duration: 1.68 ms	Billed Duration: 2 ms	Memory Size: 128 MB	Max Memory Used: 36 MB	
"
1714073977333,"START RequestId: f6190e67-1dee-4aa1-97ca-bec59d8252cb Version: $LATEST
"
1714073977334,"{'inputMode': 'Text', 'sessionId': '035527339877923', 'inputTranscript': 'tomatoe', 'interpretations': [{'interpretationSource': 'Lex', 'nluConfidence': 1.0, 'intent': {'name': 'BurgerBee', 'slots': {'BurgerSize': {'shape': 'Scalar', 'value': {'originalValue': 'double', 'resolvedValues': ['Double'], 'interpretedValue': 'double'}}, 'BurgerFranchise': {'shape': 'Scalar', 'value': {'originalValue': 'mc donald', 'resolvedValues': ['mc donald'], 'interpretedValue': 'mc donald'}}, 'BurgerType': {'shape': 'Scalar', 'value': {'originalValue': 'tomatoe', 'resolvedValues': ['tomatoes'], 'interpretedValue': 'tomatoe'}}}, 'state': 'InProgress', 'confirmationState': 'None'}}, {'interpretationSource': 'Lex', 'intent': {'name': 'FallbackIntent', 'slots': {}, 'state': 'InProgress', 'confirmationState': 'None'}}], 'bot': {'name': 'Mybot', 'version': 'DRAFT', 'localeId': 'en_US', 'id': 'OC2JM2BVQB', 'aliasId': 'TSTALIASID', 'aliasName': 'TestBotAlias'}, 'responseContentType': 'text/plain; charset=utf-8', 'sessionState': {'originatingRequestId': 'b55c73c6-e1a4-4fb4-a2d4-d9da1aaa81d6', 'sessionAttributes': {}, 'activeContexts': [], 'intent': {'name': 'BurgerBee', 'slots': {'BurgerSize': {'shape': 'Scalar', 'value': {'originalValue': 'double', 'resolvedValues': ['Double'], 'interpretedValue': 'double'}}, 'BurgerFranchise': {'shape': 'Scalar', 'value': {'originalValue': 'mc donald', 'resolvedValues': ['mc donald'], 'interpretedValue': 'mc donald'}}, 'BurgerType': {'shape': 'Scalar', 'value': {'originalValue': 'tomatoe', 'resolvedValues': ['tomatoes'], 'interpretedValue': 'tomatoe'}}}, 'state': 'InProgress', 'confirmationState': 'None'}}, 'transcriptions': [{'resolvedContext': {'intent': 'BurgerBee'}, 'resolvedSlots': {'BurgerType': {'shape': 'Scalar', 'value': {'originalValue': 'tomatoe', 'resolvedValues': ['tomatoes']}}}, 'transcriptionConfidence': 1.0, 'transcription': 'tomatoe'}], 'messageVersion': '1.0', 'invocationSource': 'DialogCodeHook'}
"
1714073977334,"{'sessionState': {'dialogAction': {'type': 'Delegate'}, 'intent': {'name': 'BurgerBee', 'slots': {'BurgerSize': {'shape': 'Scalar', 'value': {'originalValue': 'double', 'resolvedValues': ['Double'], 'interpretedValue': 'double'}}, 'BurgerFranchise': {'shape': 'Scalar', 'value': {'originalValue': 'mc donald', 'resolvedValues': ['mc donald'], 'interpretedValue': 'mc donald'}}, 'BurgerType': {'shape': 'Scalar', 'value': {'originalValue': 'tomatoe', 'resolvedValues': ['tomatoes'], 'interpretedValue': 'tomatoe'}}}}}}
"
1714073977335,"END RequestId: f6190e67-1dee-4aa1-97ca-bec59d8252cb
"
1714073977335,"REPORT RequestId: f6190e67-1dee-4aa1-97ca-bec59d8252cb	Duration: 2.11 ms	Billed Duration: 3 ms	Memory Size: 128 MB	Max Memory Used: 36 MB	
"
1714074071500,"START RequestId: 59213467-2694-433f-9dad-97edf6420fbe Version: $LATEST
"
1714074071501,"{'inputMode': 'Text', 'requestAttributes': {'x-amz-lex:channels:platform': 'Facebook'}, 'sessionId': '7600633633375777', 'inputTranscript': 'order burger', 'interpretations': [{'interpretationSource': 'Lex', 'nluConfidence': 1.0, 'intent': {'name': 'BurgerBee', 'slots': {'BurgerSize': None, 'BurgerFranchise': None, 'BurgerType': None}, 'state': 'InProgress', 'confirmationState': 'None'}}, {'interpretationSource': 'Lex', 'intent': {'name': 'FallbackIntent', 'slots': {}, 'state': 'InProgress', 'confirmationState': 'None'}}], 'bot': {'name': 'Mybot', 'version': 'DRAFT', 'localeId': 'en_US', 'id': 'OC2JM2BVQB', 'aliasId': 'TSTALIASID', 'aliasName': 'TestBotAlias'}, 'responseContentType': 'text/plain; charset=utf-8', 'proposedNextState': {'prompt': {'attempt': 'Initial'}, 'intent': {'name': 'BurgerBee', 'slots': {'BurgerSize': None, 'BurgerFranchise': None, 'BurgerType': None}, 'state': 'InProgress', 'confirmationState': 'None'}, 'dialogAction': {'type': 'ElicitSlot', 'slotToElicit': 'BurgerSize'}}, 'sessionState': {'originatingRequestId': '5d1028ee-f538-480b-81ba-ba946c99631c', 'sessionAttributes': {}, 'intent': {'name': 'BurgerBee', 'slots': {'BurgerSize': None, 'BurgerFranchise': None, 'BurgerType': None}, 'state': 'InProgress', 'confirmationState': 'None'}}, 'messageVersion': '1.0', 'invocationSource': 'DialogCodeHook', 'transcriptions': [{'resolvedContext': {'intent': 'BurgerBee'}, 'resolvedSlots': {}, 'transcriptionConfidence': 1.0, 'transcription': 'order burger'}]}
"
1714074071501,"Validating BurgerSize Slot
"
1714074071501,"{'sessionState': {'dialogAction': {'slotToElicit': 'BurgerSize', 'type': 'ElicitSlot'}, 'intent': {'name': 'BurgerBee', 'slots': {'BurgerSize': None, 'BurgerFranchise': None, 'BurgerType': None}}}}
"
1714074071502,"END RequestId: 59213467-2694-433f-9dad-97edf6420fbe
"
1714074071502,"REPORT RequestId: 59213467-2694-433f-9dad-97edf6420fbe	Duration: 1.81 ms	Billed Duration: 2 ms	Memory Size: 128 MB	Max Memory Used: 36 MB	
"
1714074086425,"START RequestId: b97e4085-1870-4dfb-9815-e96c6f3ea1f0 Version: $LATEST
"
1714074086426,"{'inputMode': 'Text', 'requestAttributes': {'x-amz-lex:channels:platform': 'Facebook'}, 'sessionId': '7600633633375777', 'inputTranscript': 'double', 'interpretations': [{'interpretationSource': 'Lex', 'nluConfidence': 1.0, 'intent': {'name': 'BurgerBee', 'slots': {'BurgerSize': {'shape': 'Scalar', 'value': {'originalValue': 'double', 'resolvedValues': ['Double'], 'interpretedValue': 'double'}}, 'BurgerFranchise': None, 'BurgerType': None}, 'state': 'InProgress', 'confirmationState': 'None'}}, {'interpretationSource': 'Lex', 'intent': {'name': 'FallbackIntent', 'slots': {}, 'state': 'InProgress', 'confirmationState': 'None'}}], 'bot': {'name': 'Mybot', 'version': 'DRAFT', 'localeId': 'en_US', 'id': 'OC2JM2BVQB', 'aliasId': 'TSTALIASID', 'aliasName': 'TestBotAlias'}, 'responseContentType': 'text/plain; charset=utf-8', 'proposedNextState': {'prompt': {'attempt': 'Initial'}, 'intent': {'name': 'BurgerBee', 'slots': {'BurgerSize': {'shape': 'Scalar', 'value': {'originalValue': 'double', 'resolvedValues': ['Double'], 'interpretedValue': 'double'}}, 'BurgerFranchise': None, 'BurgerType': None}, 'state': 'InProgress', 'confirmationState': 'None'}, 'dialogAction': {'type': 'ElicitSlot', 'slotToElicit': 'BurgerFranchise'}}, 'sessionState': {'originatingRequestId': '5d1028ee-f538-480b-81ba-ba946c99631c', 'sessionAttributes': {}, 'activeContexts': [], 'intent': {'name': 'BurgerBee', 'slots': {'BurgerSize': {'shape': 'Scalar', 'value': {'originalValue': 'double', 'resolvedValues': ['Double'], 'interpretedValue': 'double'}}, 'BurgerFranchise': None, 'BurgerType': None}, 'state': 'InProgress', 'confirmationState': 'None'}}, 'messageVersion': '1.0', 'invocationSource': 'DialogCodeHook', 'transcriptions': [{'resolvedContext': {'intent': 'BurgerBee'}, 'resolvedSlots': {'BurgerSize': {'shape': 'Scalar', 'value': {'originalValue': 'double', 'resolvedValues': ['Double']}}}, 'transcriptionConfidence': 1.0, 'transcription': 'double'}]}
"
1714074086426,"Validating BurgerFranchise Slot
"
1714074086426,"{'sessionState': {'dialogAction': {'slotToElicit': 'BurgerFranchise', 'type': 'ElicitSlot'}, 'intent': {'name': 'BurgerBee', 'slots': {'BurgerSize': {'shape': 'Scalar', 'value': {'originalValue': 'double', 'resolvedValues': ['Double'], 'interpretedValue': 'double'}}, 'BurgerFranchise': None, 'BurgerType': None}}}}
"
1714074086427,"END RequestId: b97e4085-1870-4dfb-9815-e96c6f3ea1f0
"
1714074086427,"REPORT RequestId: b97e4085-1870-4dfb-9815-e96c6f3ea1f0	Duration: 1.76 ms	Billed Duration: 2 ms	Memory Size: 128 MB	Max Memory Used: 36 MB	
"
1714074101248,"START RequestId: 3ec1d22d-80cf-46bf-9f32-22e42612513f Version: $LATEST
"
1714074101249,"{'inputMode': 'Text', 'requestAttributes': {'x-amz-lex:channels:platform': 'Facebook'}, 'sessionId': '7600633633375777', 'inputTranscript': 'mc donald', 'interpretations': [{'interpretationSource': 'Lex', 'nluConfidence': 1.0, 'intent': {'name': 'BurgerBee', 'slots': {'BurgerSize': {'shape': 'Scalar', 'value': {'originalValue': 'double', 'resolvedValues': ['Double'], 'interpretedValue': 'double'}}, 'BurgerFranchise': {'shape': 'Scalar', 'value': {'originalValue': 'mc donald', 'resolvedValues': ['mc donald'], 'interpretedValue': 'mc donald'}}, 'BurgerType': None}, 'state': 'InProgress', 'confirmationState': 'None'}}, {'interpretationSource': 'Lex', 'intent': {'name': 'FallbackIntent', 'slots': {}, 'state': 'InProgress', 'confirmationState': 'None'}}], 'bot': {'name': 'Mybot', 'version': 'DRAFT', 'localeId': 'en_US', 'id': 'OC2JM2BVQB', 'aliasId': 'TSTALIASID', 'aliasName': 'TestBotAlias'}, 'responseContentType': 'text/plain; charset=utf-8', 'proposedNextState': {'prompt': {'attempt': 'Initial'}, 'intent': {'name': 'BurgerBee', 'slots': {'BurgerSize': {'shape': 'Scalar', 'value': {'originalValue': 'double', 'resolvedValues': ['Double'], 'interpretedValue': 'double'}}, 'BurgerFranchise': {'shape': 'Scalar', 'value': {'originalValue': 'mc donald', 'resolvedValues': ['mc donald'], 'interpretedValue': 'mc donald'}}, 'BurgerType': None}, 'state': 'InProgress', 'confirmationState': 'None'}, 'dialogAction': {'type': 'ElicitSlot', 'slotToElicit': 'BurgerType'}}, 'sessionState': {'originatingRequestId': '5d1028ee-f538-480b-81ba-ba946c99631c', 'sessionAttributes': {}, 'activeContexts': [], 'intent': {'name': 'BurgerBee', 'slots': {'BurgerSize': {'shape': 'Scalar', 'value': {'originalValue': 'double', 'resolvedValues': ['Double'], 'interpretedValue': 'double'}}, 'BurgerFranchise': {'shape': 'Scalar', 'value': {'originalValue': 'mc donald', 'resolvedValues': ['mc donald'], 'interpretedValue': 'mc donald'}}, 'BurgerType': None}, 'state': 'InProgress', 'confirmationState': 'None'}}, 'messageVersion': '1.0', 'invocationSource': 'DialogCodeHook', 'transcriptions': [{'resolvedContext': {'intent': 'BurgerBee'}, 'resolvedSlots': {'BurgerFranchise': {'shape': 'Scalar', 'value': {'originalValue': 'mc donald', 'resolvedValues': ['mc donald']}}}, 'transcriptionConfidence': 1.0, 'transcription': 'mc donald'}]}
"
1714074101249,"Validating BurgerType Slot
"
1714074101249,"{'sessionState': {'dialogAction': {'slotToElicit': 'BurgerType', 'type': 'ElicitSlot'}, 'intent': {'name': 'BurgerBee', 'slots': {'BurgerSize': {'shape': 'Scalar', 'value': {'originalValue': 'double', 'resolvedValues': ['Double'], 'interpretedValue': 'double'}}, 'BurgerFranchise': {'shape': 'Scalar', 'value': {'originalValue': 'mc donald', 'resolvedValues': ['mc donald'], 'interpretedValue': 'mc donald'}}, 'BurgerType': None}}}}
"
1714074101250,"END RequestId: 3ec1d22d-80cf-46bf-9f32-22e42612513f
"
1714074101250,"REPORT RequestId: 3ec1d22d-80cf-46bf-9f32-22e42612513f	Duration: 1.82 ms	Billed Duration: 2 ms	Memory Size: 128 MB	Max Memory Used: 36 MB	
"
1714074106441,"START RequestId: d0db8fa3-6162-4082-acef-bd2fc6c54630 Version: $LATEST
"
1714074106442,"{'requestAttributes': {'x-amz-lex:channels:platform': 'Facebook'}, 'sessionId': '7600633633375777', 'inputTranscript': 'pickle', 'interpretations': [{'nluConfidence': 1.0, 'intent': {'name': 'BurgerBee', 'slots': {'BurgerSize': {'shape': 'Scalar', 'value': {'originalValue': 'double', 'resolvedValues': ['Double'], 'interpretedValue': 'double'}}, 'BurgerFranchise': {'shape': 'Scalar', 'value': {'originalValue': 'mc donald', 'resolvedValues': ['mc donald'], 'interpretedValue': 'mc donald'}}, 'BurgerType': {'shape': 'Scalar', 'value': {'originalValue': 'pickle', 'resolvedValues': ['pickle'], 'interpretedValue': 'pickle'}}}, 'state': 'InProgress', 'confirmationState': 'None'}, 'interpretationSource': 'Lex'}, {'intent': {'name': 'FallbackIntent', 'slots': {}, 'state': 'InProgress', 'confirmationState': 'None'}, 'interpretationSource': 'Lex'}], 'bot': {'name': 'Mybot', 'version': 'DRAFT', 'localeId': 'en_US', 'id': 'OC2JM2BVQB', 'aliasId': 'TSTALIASID', 'aliasName': 'TestBotAlias'}, 'responseContentType': 'text/plain; charset=utf-8', 'sessionState': {'sessionAttributes': {}, 'activeContexts': [], 'intent': {'name': 'BurgerBee', 'slots': {'BurgerSize': {'shape': 'Scalar', 'value': {'originalValue': 'double', 'resolvedValues': ['Double'], 'interpretedValue': 'double'}}, 'BurgerFranchise': {'shape': 'Scalar', 'value': {'originalValue': 'mc donald', 'resolvedValues': ['mc donald'], 'interpretedValue': 'mc donald'}}, 'BurgerType': {'shape': 'Scalar', 'value': {'originalValue': 'pickle', 'resolvedValues': ['pickle'], 'interpretedValue': 'pickle'}}}, 'state': 'InProgress', 'confirmationState': 'None'}, 'originatingRequestId': '5d1028ee-f538-480b-81ba-ba946c99631c'}, 'messageVersion': '1.0', 'invocationSource': 'DialogCodeHook', 'transcriptions': [{'transcriptionConfidence': 1.0, 'resolvedContext': {'intent': 'BurgerBee'}, 'transcription': 'pickle', 'resolvedSlots': {'BurgerType': {'shape': 'Scalar', 'value': {'originalValue': 'pickle', 'resolvedValues': ['pickle']}}}}], 'inputMode': 'Text'}
"
1714074106442,"{'sessionState': {'dialogAction': {'type': 'Delegate'}, 'intent': {'name': 'BurgerBee', 'slots': {'BurgerSize': {'shape': 'Scalar', 'value': {'originalValue': 'double', 'resolvedValues': ['Double'], 'interpretedValue': 'double'}}, 'BurgerFranchise': {'shape': 'Scalar', 'value': {'originalValue': 'mc donald', 'resolvedValues': ['mc donald'], 'interpretedValue': 'mc donald'}}, 'BurgerType': {'shape': 'Scalar', 'value': {'originalValue': 'pickle', 'resolvedValues': ['pickle'], 'interpretedValue': 'pickle'}}}}}}
"
1714074106443,"END RequestId: d0db8fa3-6162-4082-acef-bd2fc6c54630
"
1714074106443,"REPORT RequestId: d0db8fa3-6162-4082-acef-bd2fc6c54630	Duration: 1.90 ms	Billed Duration: 2 ms	Memory Size: 128 MB	Max Memory Used: 36 MB	
"
1714074111218,"START RequestId: f37fdaba-8503-43d7-be66-1e369a344c22 Version: $LATEST
"
1714074111219,"{'requestAttributes': {'x-amz-lex:channels:platform': 'Facebook'}, 'sessionId': '7600633633375777', 'inputTranscript': 'yes', 'interpretations': [{'nluConfidence': 1.0, 'intent': {'name': 'BurgerBee', 'slots': {'BurgerSize': {'shape': 'Scalar', 'value': {'originalValue': 'double', 'resolvedValues': ['Double'], 'interpretedValue': 'double'}}, 'BurgerFranchise': {'shape': 'Scalar', 'value': {'originalValue': 'mc donald', 'resolvedValues': ['mc donald'], 'interpretedValue': 'mc donald'}}, 'BurgerType': {'shape': 'Scalar', 'value': {'originalValue': 'pickle', 'resolvedValues': ['pickle'], 'interpretedValue': 'pickle'}}}, 'state': 'InProgress', 'confirmationState': 'Confirmed'}, 'interpretationSource': 'Lex'}, {'intent': {'name': 'FallbackIntent', 'slots': {}, 'state': 'InProgress', 'confirmationState': 'None'}, 'interpretationSource': 'Lex'}], 'bot': {'name': 'Mybot', 'version': 'DRAFT', 'localeId': 'en_US', 'id': 'OC2JM2BVQB', 'aliasId': 'TSTALIASID', 'aliasName': 'TestBotAlias'}, 'responseContentType': 'text/plain; charset=utf-8', 'sessionState': {'sessionAttributes': {}, 'activeContexts': [], 'intent': {'name': 'BurgerBee', 'slots': {'BurgerSize': {'shape': 'Scalar', 'value': {'originalValue': 'double', 'resolvedValues': ['Double'], 'interpretedValue': 'double'}}, 'BurgerFranchise': {'shape': 'Scalar', 'value': {'originalValue': 'mc donald', 'resolvedValues': ['mc donald'], 'interpretedValue': 'mc donald'}}, 'BurgerType': {'shape': 'Scalar', 'value': {'originalValue': 'pickle', 'resolvedValues': ['pickle'], 'interpretedValue': 'pickle'}}}, 'state': 'InProgress', 'confirmationState': 'Confirmed'}, 'originatingRequestId': '5d1028ee-f538-480b-81ba-ba946c99631c'}, 'messageVersion': '1.0', 'invocationSource': 'DialogCodeHook', 'transcriptions': [{'transcriptionConfidence': 1.0, 'resolvedContext': {'intent': 'BurgerBee'}, 'transcription': 'yes', 'resolvedSlots': {}}], 'inputMode': 'Text'}
"
1714074111219,"{'sessionState': {'dialogAction': {'type': 'Delegate'}, 'intent': {'name': 'BurgerBee', 'slots': {'BurgerSize': {'shape': 'Scalar', 'value': {'originalValue': 'double', 'resolvedValues': ['Double'], 'interpretedValue': 'double'}}, 'BurgerFranchise': {'shape': 'Scalar', 'value': {'originalValue': 'mc donald', 'resolvedValues': ['mc donald'], 'interpretedValue': 'mc donald'}}, 'BurgerType': {'shape': 'Scalar', 'value': {'originalValue': 'pickle', 'resolvedValues': ['pickle'], 'interpretedValue': 'pickle'}}}}}}
"
1714074111220,"END RequestId: f37fdaba-8503-43d7-be66-1e369a344c22
"
1714074111220,"REPORT RequestId: f37fdaba-8503-43d7-be66-1e369a344c22	Duration: 1.71 ms	Billed Duration: 2 ms	Memory Size: 128 MB	Max Memory Used: 36 MB	
"
1714074111240,"START RequestId: ee76a59a-68ad-4b76-946f-cac8e168bdf6 Version: $LATEST
"
1714074111241,"{'requestAttributes': {'x-amz-lex:channels:platform': 'Facebook'}, 'sessionId': '7600633633375777', 'inputTranscript': 'yes', 'interpretations': [{'nluConfidence': 1.0, 'intent': {'name': 'BurgerBee', 'slots': {'BurgerSize': {'shape': 'Scalar', 'value': {'originalValue': 'double', 'resolvedValues': ['Double'], 'interpretedValue': 'double'}}, 'BurgerFranchise': {'shape': 'Scalar', 'value': {'originalValue': 'mc donald', 'resolvedValues': ['mc donald'], 'interpretedValue': 'mc donald'}}, 'BurgerType': {'shape': 'Scalar', 'value': {'originalValue': 'pickle', 'resolvedValues': ['pickle'], 'interpretedValue': 'pickle'}}}, 'state': 'InProgress', 'confirmationState': 'Confirmed'}, 'interpretationSource': 'Lex'}, {'intent': {'name': 'FallbackIntent', 'slots': {}, 'state': 'InProgress', 'confirmationState': 'None'}, 'interpretationSource': 'Lex'}], 'bot': {'name': 'Mybot', 'version': 'DRAFT', 'localeId': 'en_US', 'id': 'OC2JM2BVQB', 'aliasId': 'TSTALIASID', 'aliasName': 'TestBotAlias'}, 'responseContentType': 'text/plain; charset=utf-8', 'sessionState': {'sessionAttributes': {}, 'activeContexts': [], 'intent': {'name': 'BurgerBee', 'slots': {'BurgerSize': {'shape': 'Scalar', 'value': {'originalValue': 'double', 'resolvedValues': ['Double'], 'interpretedValue': 'double'}}, 'BurgerFranchise': {'shape': 'Scalar', 'value': {'originalValue': 'mc donald', 'resolvedValues': ['mc donald'], 'interpretedValue': 'mc donald'}}, 'BurgerType': {'shape': 'Scalar', 'value': {'originalValue': 'pickle', 'resolvedValues': ['pickle'], 'interpretedValue': 'pickle'}}}, 'state': 'InProgress', 'confirmationState': 'Confirmed'}, 'originatingRequestId': '5d1028ee-f538-480b-81ba-ba946c99631c'}, 'messageVersion': '1.0', 'invocationSource': 'DialogCodeHook', 'transcriptions': [{'transcriptionConfidence': 1.0, 'resolvedContext': {'intent': 'BurgerBee'}, 'transcription': 'yes', 'resolvedSlots': {}}], 'inputMode': 'Text'}
"
1714074111241,"{'sessionState': {'dialogAction': {'type': 'Delegate'}, 'intent': {'name': 'BurgerBee', 'slots': {'BurgerSize': {'shape': 'Scalar', 'value': {'originalValue': 'double', 'resolvedValues': ['Double'], 'interpretedValue': 'double'}}, 'BurgerFranchise': {'shape': 'Scalar', 'value': {'originalValue': 'mc donald', 'resolvedValues': ['mc donald'], 'interpretedValue': 'mc donald'}}, 'BurgerType': {'shape': 'Scalar', 'value': {'originalValue': 'pickle', 'resolvedValues': ['pickle'], 'interpretedValue': 'pickle'}}}}}}
"
1714074111242,"END RequestId: ee76a59a-68ad-4b76-946f-cac8e168bdf6
"
1714074111242,"REPORT RequestId: ee76a59a-68ad-4b76-946f-cac8e168bdf6	Duration: 1.79 ms	Billed Duration: 2 ms	Memory Size: 128 MB	Max Memory Used: 36 MB	
"
1714074111266,"START RequestId: 63121569-2f16-416f-a9e8-cc14480af976 Version: $LATEST
"
1714074111266,"{'requestAttributes': {'x-amz-lex:channels:platform': 'Facebook'}, 'sessionId': '7600633633375777', 'inputTranscript': 'yes', 'interpretations': [{'nluConfidence': 1.0, 'intent': {'name': 'BurgerBee', 'slots': {'BurgerSize': {'shape': 'Scalar', 'value': {'originalValue': 'double', 'resolvedValues': ['Double'], 'interpretedValue': 'double'}}, 'BurgerFranchise': {'shape': 'Scalar', 'value': {'originalValue': 'mc donald', 'resolvedValues': ['mc donald'], 'interpretedValue': 'mc donald'}}, 'BurgerType': {'shape': 'Scalar', 'value': {'originalValue': 'pickle', 'resolvedValues': ['pickle'], 'interpretedValue': 'pickle'}}}, 'state': 'ReadyForFulfillment', 'confirmationState': 'Confirmed'}, 'interpretationSource': 'Lex'}, {'intent': {'name': 'FallbackIntent', 'slots': {}, 'state': 'ReadyForFulfillment', 'confirmationState': 'None'}, 'interpretationSource': 'Lex'}], 'bot': {'name': 'Mybot', 'version': 'DRAFT', 'localeId': 'en_US', 'id': 'OC2JM2BVQB', 'aliasId': 'TSTALIASID', 'aliasName': 'TestBotAlias'}, 'responseContentType': 'text/plain; charset=utf-8', 'sessionState': {'sessionAttributes': {}, 'activeContexts': [], 'intent': {'name': 'BurgerBee', 'slots': {'BurgerSize': {'shape': 'Scalar', 'value': {'originalValue': 'double', 'resolvedValues': ['Double'], 'interpretedValue': 'double'}}, 'BurgerFranchise': {'shape': 'Scalar', 'value': {'originalValue': 'mc donald', 'resolvedValues': ['mc donald'], 'interpretedValue': 'mc donald'}}, 'BurgerType': {'shape': 'Scalar', 'value': {'originalValue': 'pickle', 'resolvedValues': ['pickle'], 'interpretedValue': 'pickle'}}}, 'state': 'ReadyForFulfillment', 'confirmationState': 'Confirmed'}, 'originatingRequestId': '5d1028ee-f538-480b-81ba-ba946c99631c'}, 'messageVersion': '1.0', 'invocationSource': 'FulfillmentCodeHook', 'transcriptions': [{'transcriptionConfidence': 1.0, 'resolvedContext': {'intent': 'BurgerBee'}, 'transcription': 'yes', 'resolvedSlots': {}}], 'inputMode': 'Text'}
"
1714074111266,"{'sessionState': {'dialogAction': {'type': 'Close'}, 'intent': {'name': 'BurgerBee', 'slots': {'BurgerSize': {'shape': 'Scalar', 'value': {'originalValue': 'double', 'resolvedValues': ['Double'], 'interpretedValue': 'double'}}, 'BurgerFranchise': {'shape': 'Scalar', 'value': {'originalValue': 'mc donald', 'resolvedValues': ['mc donald'], 'interpretedValue': 'mc donald'}}, 'BurgerType': {'shape': 'Scalar', 'value': {'originalValue': 'pickle', 'resolvedValues': ['pickle'], 'interpretedValue': 'pickle'}}}, 'state': 'Fulfilled'}}, 'messages': [{'contentType': 'PlainText', 'content': 'Yey! Your order is confirmed.'}]}
"
1714074111267,"END RequestId: 63121569-2f16-416f-a9e8-cc14480af976
"
1714074111267,"REPORT RequestId: 63121569-2f16-416f-a9e8-cc14480af976	Duration: 1.75 ms	Billed Duration: 2 ms	Memory Size: 128 MB	Max Memory Used: 36 MB	
"